{"root":[{"assemblyName":"Cinemachine","nameSpace":"Cinemachine","className":"CinemachineStoryboard","methodName":"InitializeModule","loadTypes":0,"isUnityClass":false},{"assemblyName":"Cinemachine","nameSpace":"Cinemachine","className":"CinemachineCore","methodName":"InitializeModule","loadTypes":0,"isUnityClass":false},{"assemblyName":"Cinemachine","nameSpace":"Cinemachine","className":"UpdateTracker","methodName":"InitializeModule","loadTypes":0,"isUnityClass":false},{"assemblyName":"Cinemachine","nameSpace":"Cinemachine","className":"CinemachineImpulseManager","methodName":"InitializeModule","loadTypes":0,"isUnityClass":false},{"assemblyName":"Cinemachine","nameSpace":"Cinemachine.PostFX","className":"CinemachineVolumeSettings","methodName":"InitializeModule","loadTypes":0,"isUnityClass":false},{"assemblyName":"GameCreator.Runtime.Core","nameSpace":"GameCreator.Runtime.Variables","className":"ValueAnimClip","methodName":"RuntimeInit","loadTypes":4,"isUnityClass":false},{"assemblyName":"GameCreator.Runtime.Core","nameSpace":"GameCreator.Runtime.Variables","className":"ValueAudioClip","methodName":"RuntimeInit","loadTypes":4,"isUnityClass":false},{"assemblyName":"GameCreator.Runtime.Core","nameSpace":"GameCreator.Runtime.Variables","className":"ValueBool","methodName":"RuntimeInit","loadTypes":4,"isUnityClass":false},{"assemblyName":"GameCreator.Runtime.Core","nameSpace":"GameCreator.Runtime.Variables","className":"ValueColor","methodName":"RuntimeInit","loadTypes":4,"isUnityClass":false},{"assemblyName":"GameCreator.Runtime.Core","nameSpace":"GameCreator.Runtime.Variables","className":"ValueGameObject","methodName":"RuntimeInit","loadTypes":4,"isUnityClass":false},{"assemblyName":"GameCreator.Runtime.Core","nameSpace":"GameCreator.Runtime.Variables","className":"ValueMaterial","methodName":"RuntimeInit","loadTypes":4,"isUnityClass":false},{"assemblyName":"GameCreator.Runtime.Core","nameSpace":"GameCreator.Runtime.Variables","className":"ValueNull","methodName":"RuntimeInit","loadTypes":4,"isUnityClass":false},{"assemblyName":"GameCreator.Runtime.Core","nameSpace":"GameCreator.Runtime.Variables","className":"ValueNumber","methodName":"RuntimeInit","loadTypes":4,"isUnityClass":false},{"assemblyName":"GameCreator.Runtime.Core","nameSpace":"GameCreator.Runtime.Variables","className":"ValueSprite","methodName":"RuntimeInit","loadTypes":4,"isUnityClass":false},{"assemblyName":"GameCreator.Runtime.Core","nameSpace":"GameCreator.Runtime.Variables","className":"ValueString","methodName":"RuntimeInit","loadTypes":4,"isUnityClass":false},{"assemblyName":"GameCreator.Runtime.Core","nameSpace":"GameCreator.Runtime.Variables","className":"ValueTexture","methodName":"RuntimeInit","loadTypes":4,"isUnityClass":false},{"assemblyName":"GameCreator.Runtime.Core","nameSpace":"GameCreator.Runtime.Variables","className":"ValueVector3","methodName":"RuntimeInit","loadTypes":4,"isUnityClass":false},{"assemblyName":"GameCreator.Runtime.Core","nameSpace":"GameCreator.Runtime.Variables","className":"GlobalListVariablesManager","methodName":"OnSubsystemsInit","loadTypes":1,"isUnityClass":false},{"assemblyName":"GameCreator.Runtime.Core","nameSpace":"GameCreator.Runtime.Variables","className":"GlobalNameVariablesManager","methodName":"OnSubsystemsInit","loadTypes":1,"isUnityClass":false},{"assemblyName":"GameCreator.Runtime.Core","nameSpace":"GameCreator.Runtime.Console","className":"Console","methodName":"InitializeOnLoad","loadTypes":4,"isUnityClass":false},{"assemblyName":"GameCreator.Runtime.Core","nameSpace":"GameCreator.Runtime.Common","className":"AudioManager","methodName":"OnSubsystemsInit","loadTypes":4,"isUnityClass":false},{"assemblyName":"GameCreator.Runtime.Core","nameSpace":"GameCreator.Runtime.Common","className":"InputManager","methodName":"OnSubsystemsInit","loadTypes":4,"isUnityClass":false},{"assemblyName":"GameCreator.Runtime.Core","nameSpace":"GameCreator.Runtime.Common","className":"DivideDeltaTimeProcessor","methodName":"Initialize","loadTypes":1,"isUnityClass":false},{"assemblyName":"GameCreator.Runtime.Core","nameSpace":"GameCreator.Runtime.Common","className":"DivideScreenSizeProcessor","methodName":"Initialize","loadTypes":1,"isUnityClass":false},{"assemblyName":"GameCreator.Runtime.Core","nameSpace":"GameCreator.Runtime.Common","className":"MultiplyDeltaTimeProcessor","methodName":"Initialize","loadTypes":1,"isUnityClass":false},{"assemblyName":"GameCreator.Runtime.Core","nameSpace":"GameCreator.Runtime.Common","className":"MultiplyScreenSizeProcessor","methodName":"Initialize","loadTypes":1,"isUnityClass":false},{"assemblyName":"GameCreator.Runtime.Core","nameSpace":"GameCreator.Runtime.Common","className":"ApplicationManager","methodName":"OnSubsystemsInit","loadTypes":4,"isUnityClass":false},{"assemblyName":"GameCreator.Runtime.Core","nameSpace":"GameCreator.Runtime.Common","className":"EventSystemManager","methodName":"RuntimeInitialize","loadTypes":0,"isUnityClass":false},{"assemblyName":"GameCreator.Runtime.Core","nameSpace":"GameCreator.Runtime.Common","className":"Marker","methodName":"OnSubsystemsInit","loadTypes":4,"isUnityClass":false},{"assemblyName":"GameCreator.Runtime.Core","nameSpace":"GameCreator.Runtime.Common","className":"SpatialHashMarkers","methodName":"OnSubsystemsInit","loadTypes":4,"isUnityClass":false},{"assemblyName":"GameCreator.Runtime.Core","nameSpace":"GameCreator.Runtime.Common","className":"SaveLoadManager","methodName":"InitializeOnLoad","loadTypes":4,"isUnityClass":false},{"assemblyName":"GameCreator.Runtime.Core","nameSpace":"GameCreator.Runtime.Common","className":"CacheUtils","methodName":"OnSubsystemsInit","loadTypes":4,"isUnityClass":false},{"assemblyName":"GameCreator.Runtime.Core","nameSpace":"GameCreator.Runtime.Characters","className":"Character","methodName":"OnSubsystemsInit","loadTypes":4,"isUnityClass":false},{"assemblyName":"GameCreator.Runtime.Core","nameSpace":"GameCreator.Runtime.Characters","className":"SpatialHashCharacters","methodName":"OnSubsystemsInit","loadTypes":4,"isUnityClass":false},{"assemblyName":"GameCreator.Runtime.Core","nameSpace":"GameCreator.Runtime.Characters","className":"SpatialHashInteractions","methodName":"OnSubsystemsInit","loadTypes":4,"isUnityClass":false},{"assemblyName":"GameCreator.Runtime.Core","nameSpace":"GameCreator.Runtime.Characters","className":"Props","methodName":"InitializeOnLoad","loadTypes":4,"isUnityClass":false},{"assemblyName":"Unity.2D.Animation.Runtime","nameSpace":"","className":"__JobReflectionRegistrationOutput__1877835171","methodName":"EarlyInit","loadTypes":2,"isUnityClass":true},{"assemblyName":"Unity.2D.Animation.Runtime","nameSpace":"","className":"$BurstDirectCallInitializer","methodName":"Initialize","loadTypes":2,"isUnityClass":true},{"assemblyName":"Unity.2D.SpriteShape.Runtime","nameSpace":"","className":"__JobReflectionRegistrationOutput__3083713257","methodName":"EarlyInit","loadTypes":2,"isUnityClass":true},{"assemblyName":"Unity.2D.SpriteShape.Runtime","nameSpace":"","className":"$BurstDirectCallInitializer","methodName":"Initialize","loadTypes":2,"isUnityClass":true},{"assemblyName":"Unity.Collections","nameSpace":"","className":"__JobReflectionRegistrationOutput__849804546","methodName":"EarlyInit","loadTypes":2,"isUnityClass":true},{"assemblyName":"Unity.Collections","nameSpace":"","className":"$BurstDirectCallInitializer","methodName":"Initialize","loadTypes":2,"isUnityClass":true},{"assemblyName":"Unity.InputSystem","nameSpace":"UnityEngine.InputSystem","className":"InputSystem","methodName":"RunInitializeInPlayer","loadTypes":4,"isUnityClass":true},{"assemblyName":"Unity.InputSystem","nameSpace":"UnityEngine.InputSystem","className":"InputSystem","methodName":"RunInitialUpdate","loadTypes":1,"isUnityClass":true},{"assemblyName":"Unity.RenderPipelines.Core.Runtime","nameSpace":"UnityEngine.Experimental.Rendering","className":"XRSystem","methodName":"XRSystemInit","loadTypes":3,"isUnityClass":true},{"assemblyName":"Unity.RenderPipelines.Core.Runtime","nameSpace":"UnityEngine.Rendering","className":"DebugUpdater","methodName":"RuntimeInit","loadTypes":0,"isUnityClass":true},{"assemblyName":"Unity.RenderPipelines.Universal.Runtime","nameSpace":"","className":"__JobReflectionRegistrationOutput__3566264157","methodName":"EarlyInit","loadTypes":2,"isUnityClass":true},{"assemblyName":"Unity.VisualScripting.Core","nameSpace":"Unity.VisualScripting","className":"RuntimeVSUsageUtility","methodName":"RuntimeInitializeOnLoadBeforeSceneLoad","loadTypes":1,"isUnityClass":true}]}
